{"stats":{"minecraft:broken":{"minecraft:iron_shovel":4,"minecraft:wooden_pickaxe":1,"minecraft:stone_pickaxe":5,"minecraft:shield":1,"minecraft:iron_pickaxe":12},"minecraft:custom":{"minecraft:interact_with_smithing_table":1,"minecraft:mob_kills":95,"minecraft:animals_bred":1,"minecraft:inspect_hopper":21,"minecraft:interact_with_crafting_table":104,"minecraft:leave_game":7,"minecraft:time_since_death":39951,"minecraft:climb_one_cm":9921,"minecraft:sprint_one_cm":1998582,"minecraft:walk_one_cm":1552592,"minecraft:damage_blocked_by_shield":2400,"minecraft:drop":170,"minecraft:talked_to_villager":13,"minecraft:play_time":985032,"minecraft:sneak_time":36888,"minecraft:deaths":25,"minecraft:walk_under_water_one_cm":59755,"minecraft:boat_one_cm":34001,"minecraft:jump":18767,"minecraft:interact_with_blast_furnace":2,"minecraft:walk_on_water_one_cm":106460,"minecraft:total_world_time":985032,"minecraft:interact_with_furnace":194,"minecraft:interact_with_stonecutter":44,"minecraft:sleep_in_bed":38,"minecraft:time_since_rest":4887,"minecraft:damage_absorbed":40,"minecraft:damage_taken":21757,"minecraft:damage_dealt":13087,"minecraft:swim_one_cm":281256,"minecraft:fly_one_cm":3883391,"minecraft:open_chest":376,"minecraft:crouch_one_cm":140305,"minecraft:interact_with_smoker":1,"minecraft:fall_one_cm":626819,"minecraft:use_cauldron":24},"minecraft:mined":{"minecraft:tuff":21,"minecraft:white_bed":2,"minecraft:deepslate_diamond_ore":3,"minecraft:cherry_log":42,"minecraft:obsidian":20,"minecraft:granite":10,"minecraft:grass_block":623,"minecraft:cracked_polished_blackstone_bricks":48,"minecraft:spruce_leaves":1,"minecraft:cartography_table":1,"minecraft:spawner":3,"minecraft:gilded_blackstone":1,"minecraft:hay_block":137,"minecraft:polished_blackstone_bricks":76,"minecraft:furnace":11,"minecraft:carrots":7,"minecraft:iron_ore":79,"minecraft:fire":7,"minecraft:cobbled_deepslate":1,"minecraft:andesite":63,"minecraft:pumpkin":3,"minecraft:fletching_table":1,"minecraft:potatoes":11,"minecraft:pointed_dripstone":61,"minecraft:dirt_path":9,"minecraft:oak_stairs":7,"minecraft:bamboo":4,"minecraft:stone":3707,"minecraft:white_wool":1,"minecraft:smithing_table":1,"minecraft:deepslate_redstone_ore":8,"minecraft:blackstone":4,"minecraft:smoker":1,"minecraft:basalt":7,"minecraft:powder_snow":4,"minecraft:crafting_table":12,"minecraft:torch":30,"minecraft:blast_furnace":1,"minecraft:chest":1,"minecraft:nether_quartz_ore":95,"minecraft:copper_ore":2,"minecraft:tall_grass":3,"minecraft:cobblestone":143,"minecraft:oak_planks":18,"minecraft:grindstone":1,"minecraft:sugar_cane":8,"minecraft:diorite":22,"minecraft:wall_torch":38,"minecraft:cobblestone_wall":5,"minecraft:birch_log":7,"minecraft:wheat":17,"minecraft:white_carpet":1,"minecraft:grass":62,"minecraft:coal_ore":323,"minecraft:oak_log":187,"minecraft:beetroots":3,"minecraft:cherry_leaves":7,"minecraft:gravel":8,"minecraft:dirt":923,"minecraft:dripstone_block":16,"minecraft:cobweb":16,"minecraft:stone_bricks":6,"minecraft:netherrack":25,"minecraft:oak_leaves":84,"minecraft:deepslate":60,"minecraft:fern":3},"minecraft:picked_up":{"minecraft:iron_chestplate":2,"minecraft:crafting_table":15,"minecraft:chicken":12,"minecraft:smithing_table":1,"minecraft:lead":2,"minecraft:wooden_pickaxe":1,"minecraft:oak_stairs":7,"minecraft:gold_block":2,"minecraft:enchanted_book":1,"minecraft:gilded_blackstone":14,"minecraft:shield":5,"minecraft:string":22,"minecraft:raw_copper":3,"minecraft:iron_axe":2,"minecraft:flint_and_steel":2,"minecraft:iron_leggings":2,"minecraft:white_carpet":1,"minecraft:iron_shovel":2,"minecraft:blackstone":4,"minecraft:cartography_table":1,"minecraft:gold_nugget":1,"minecraft:cobbled_deepslate":59,"minecraft:bucket":1,"minecraft:beef":30,"minecraft:poppy":5,"minecraft:iron_pickaxe":10,"minecraft:sugar_cane":18,"minecraft:chest":2,"minecraft:furnace":13,"minecraft:iron_boots":2,"minecraft:egg":8,"minecraft:stick":92,"minecraft:raw_iron":104,"minecraft:torch":208,"minecraft:porkchop":18,"minecraft:polished_blackstone_bricks":114,"minecraft:cherry_log":56,"minecraft:pointed_dripstone":125,"minecraft:diorite":29,"minecraft:carrot":13,"minecraft:redstone":36,"minecraft:stone_sword":3,"minecraft:arrow":5,"minecraft:light_gray_bed":1,"minecraft:rotten_flesh":32,"minecraft:beetroot_seeds":3,"minecraft:hay_block":135,"minecraft:iron_block":1,"minecraft:obsidian":29,"minecraft:mutton":7,"minecraft:rail":1,"minecraft:white_wool":5,"minecraft:cobblestone":1475,"minecraft:birch_log":7,"minecraft:cooked_beef":2,"minecraft:feather":13,"minecraft:basalt":5,"minecraft:magma_cream":2,"minecraft:cherry_planks":39,"minecraft:water_bucket":2,"minecraft:andesite":144,"minecraft:leather":8,"minecraft:smoker":1,"minecraft:potato":42,"minecraft:flint":3,"minecraft:tuff":21,"minecraft:oak_log":207,"minecraft:cobblestone_wall":5,"minecraft:gunpowder":2,"minecraft:acacia_boat":2,"minecraft:lapis_lazuli":18,"minecraft:dirt":1696,"minecraft:cooked_mutton":7,"minecraft:bone":3,"minecraft:apple":18,"minecraft:stone_bricks":6,"minecraft:bow":1,"minecraft:wheat_seeds":41,"minecraft:grindstone":1,"minecraft:iron_ingot":176,"minecraft:stone_pickaxe":7,"minecraft:cooked_chicken":4,"minecraft:fletching_table":1,"minecraft:bamboo":21,"minecraft:iron_sword":5,"minecraft:oak_planks":241,"minecraft:cooked_porkchop":10,"minecraft:pumpkin":3,"minecraft:quartz":95,"minecraft:dandelion":1,"minecraft:dripstone_block":15,"minecraft:gravel":64,"minecraft:blast_furnace":1,"minecraft:white_bed":2,"minecraft:spectral_arrow":18,"minecraft:spider_eye":4,"minecraft:diamond":3,"minecraft:stone_axe":3,"minecraft:cracked_polished_blackstone_bricks":55,"minecraft:iron_helmet":3,"minecraft:granite":10,"minecraft:cherry_sapling":1,"minecraft:golden_apple":1,"minecraft:bread":172,"minecraft:baked_potato":35,"minecraft:oak_sapling":8,"minecraft:netherrack":23,"minecraft:coal":519,"minecraft:diamond_pickaxe":1},"minecraft:killed_by":{"minecraft:piglin_brute":1,"minecraft:creeper":2,"minecraft:magma_cube":1,"minecraft:piglin":5,"minecraft:cave_spider":3,"minecraft:skeleton":5,"minecraft:zombie":5},"minecraft:used":{"minecraft:stone_sword":2,"minecraft:iron_shovel":1276,"minecraft:flint_and_steel":1,"minecraft:chest":7,"minecraft:shield":31,"minecraft:iron_sword":282,"minecraft:cooked_chicken":10,"minecraft:netherrack":22,"minecraft:torch":711,"minecraft:dirt":606,"minecraft:mutton":4,"minecraft:tuff":21,"minecraft:granite":8,"minecraft:obsidian":18,"minecraft:lava_bucket":3,"minecraft:iron_axe":204,"minecraft:oak_stairs":1,"minecraft:stone_bricks":3205,"minecraft:furnace":11,"minecraft:egg":2,"minecraft:potato":26,"minecraft:cooked_beef":28,"minecraft:cobbled_deepslate":59,"minecraft:wheat_seeds":2,"minecraft:cooked_mutton":9,"minecraft:water_bucket":58,"minecraft:diorite":23,"minecraft:baked_potato":63,"minecraft:birch_planks":6,"minecraft:oak_planks":55,"minecraft:stone_pickaxe":984,"minecraft:wooden_pickaxe":104,"minecraft:cherry_planks":1,"minecraft:sugar_cane":13,"minecraft:fletching_table":1,"minecraft:white_wool":1,"minecraft:golden_apple":1,"minecraft:blast_furnace":1,"minecraft:crafting_table":17,"minecraft:white_bed":3,"minecraft:diamond_pickaxe":53,"minecraft:chicken":2,"minecraft:bread":178,"minecraft:iron_pickaxe":3973,"minecraft:gravel":16,"minecraft:stone_axe":130,"minecraft:cobblestone":580,"minecraft:white_banner":1,"minecraft:cooked_porkchop":24,"minecraft:andesite":25,"minecraft:bucket":101,"minecraft:oak_boat":1},"minecraft:killed":{"minecraft:cave_spider":4,"minecraft:zombified_piglin":1,"minecraft:spider":6,"minecraft:skeleton":3,"minecraft:chicken":11,"minecraft:piglin_brute":5,"minecraft:magma_cube":10,"minecraft:piglin":4,"minecraft:pig":8,"minecraft:iron_golem":1,"minecraft:wandering_trader":1,"minecraft:creeper":1,"minecraft:sheep":4,"minecraft:pillager":1,"minecraft:zombie":12,"minecraft:cow":13},"minecraft:dropped":{"minecraft:iron_ingot":2,"minecraft:bread":14,"minecraft:wheat_seeds":1,"minecraft:dripstone_block":1,"minecraft:granite":2,"minecraft:lava_bucket":6,"minecraft:dirt":13,"minecraft:diorite":2,"minecraft:iron_pickaxe":1,"minecraft:iron_shovel":1,"minecraft:bone":2,"minecraft:gravel":6,"minecraft:pointed_dripstone":124,"minecraft:rotten_flesh":9,"minecraft:leather_chestplate":1,"minecraft:potato":1,"minecraft:oak_wood":3,"minecraft:diamond_pickaxe":1,"minecraft:andesite":203,"minecraft:light_gray_bed":1,"minecraft:oak_sapling":2,"minecraft:leather_leggings":1,"minecraft:spider_eye":3,"minecraft:arrow":3,"minecraft:wooden_pickaxe":1},"minecraft:crafted":{"minecraft:cherry_planks":64,"minecraft:oak_planks":500,"minecraft:cooked_chicken":6,"minecraft:furnace":3,"minecraft:cooked_mutton":4,"minecraft:flint_and_steel":1,"minecraft:iron_boots":4,"minecraft:iron_axe":4,"minecraft:stone_pickaxe":12,"minecraft:chest":5,"minecraft:stone_bricks":1733,"minecraft:wheat":864,"minecraft:cooked_beef":26,"minecraft:cooked_porkchop":15,"minecraft:crafting_table":10,"minecraft:iron_helmet":5,"minecraft:wooden_pickaxe":3,"minecraft:baked_potato":48,"minecraft:iron_sword":5,"minecraft:bucket":23,"minecraft:oak_wood":3,"minecraft:birch_planks":28,"minecraft:stone_axe":2,"minecraft:bread":288,"minecraft:air":0,"minecraft:oak_boat":1,"minecraft:iron_chestplate":5,"minecraft:diamond_pickaxe":1,"minecraft:shield":4,"minecraft:stick":496,"minecraft:iron_ingot":47,"minecraft:iron_pickaxe":21,"minecraft:iron_block":343,"minecraft:stone_sword":2,"minecraft:iron_shovel":7,"minecraft:iron_leggings":3,"minecraft:white_bed":1,"minecraft:torch":860}},"DataVersion":3465}