{"stats":{"minecraft:crafted":{"minecraft:oak_planks":500,"minecraft:cooked_chicken":6,"minecraft:cherry_boat":1,"minecraft:cooked_mutton":4,"minecraft:iron_boots":6,"minecraft:chest":5,"minecraft:stone_bricks":1733,"minecraft:emerald":1,"minecraft:cooked_porkchop":15,"minecraft:crafting_table":11,"minecraft:baked_potato":48,"minecraft:wooden_pickaxe":3,"minecraft:iron_helmet":7,"minecraft:birch_planks":28,"minecraft:oak_wood":3,"minecraft:iron_chestplate":7,"minecraft:diamond_pickaxe":1,"minecraft:shield":6,"minecraft:stick":616,"minecraft:iron_ingot":47,"minecraft:iron_pickaxe":27,"minecraft:iron_block":343,"minecraft:stone_sword":2,"minecraft:cherry_planks":172,"minecraft:furnace":3,"minecraft:flint_and_steel":1,"minecraft:iron_axe":6,"minecraft:stone_pickaxe":12,"minecraft:wheat":945,"minecraft:cooked_beef":26,"minecraft:iron_sword":7,"minecraft:bucket":23,"minecraft:stone_axe":2,"minecraft:bread":315,"minecraft:air":0,"minecraft:oak_boat":1,"minecraft:iron_shovel":9,"minecraft:iron_leggings":5,"minecraft:white_bed":1,"minecraft:torch":1008},"minecraft:dropped":{"minecraft:dirt":14,"minecraft:sunflower":1,"minecraft:iron_pickaxe":1,"minecraft:bone":2,"minecraft:gravel":6,"minecraft:pointed_dripstone":124,"minecraft:rotten_flesh":9,"minecraft:leather_chestplate":1,"minecraft:oak_wood":3,"minecraft:leather_leggings":1,"minecraft:arrow":3,"minecraft:egg":2,"minecraft:golden_boots":1,"minecraft:iron_ingot":2,"minecraft:bread":14,"minecraft:wheat_seeds":1,"minecraft:dripstone_block":1,"minecraft:granite":2,"minecraft:lava_bucket":6,"minecraft:diorite":2,"minecraft:iron_shovel":1,"minecraft:moss_carpet":4,"minecraft:potato":1,"minecraft:diamond_pickaxe":1,"minecraft:andesite":203,"minecraft:light_gray_bed":1,"minecraft:oak_sapling":2,"minecraft:stone_bricks":1,"minecraft:spider_eye":3,"minecraft:bamboo":429,"minecraft:wooden_pickaxe":1,"minecraft:red_tulip":3},"minecraft:killed_by":{"minecraft:piglin_brute":1,"minecraft:creeper":3,"minecraft:magma_cube":1,"minecraft:piglin":5,"minecraft:cave_spider":3,"minecraft:zombie":5,"minecraft:skeleton":6},"minecraft:picked_up":{"minecraft:iron_chestplate":3,"minecraft:smithing_table":1,"minecraft:lead":2,"minecraft:oak_stairs":7,"minecraft:enchanted_book":1,"minecraft:gilded_blackstone":14,"minecraft:golden_sword":2,"minecraft:string":25,"minecraft:raw_copper":3,"minecraft:iron_leggings":3,"minecraft:cherry_boat":3,"minecraft:gold_nugget":1,"minecraft:cobbled_deepslate":62,"minecraft:bucket":7,"minecraft:rose_bush":15,"minecraft:iron_pickaxe":11,"minecraft:iron_boots":3,"minecraft:mangrove_log":19,"minecraft:furnace":13,"minecraft:stick":139,"minecraft:torch":210,"minecraft:porkchop":18,"minecraft:cherry_log":106,"minecraft:pointed_dripstone":125,"minecraft:diorite":29,"minecraft:stone_sword":3,"minecraft:rotten_flesh":51,"minecraft:light_gray_bed":1,"minecraft:red_tulip":3,"minecraft:iron_block":1,"minecraft:mangrove_roots":21,"minecraft:obsidian":29,"minecraft:cobblestone":1500,"minecraft:birch_log":7,"minecraft:feather":13,"minecraft:cooked_beef":2,"minecraft:lilac":9,"minecraft:magma_cream":2,"minecraft:cherry_planks":71,"minecraft:water_bucket":3,"minecraft:andesite":144,"minecraft:smoker":1,"minecraft:potato":42,"minecraft:flint":3,"minecraft:tuff":21,"minecraft:acacia_boat":2,"minecraft:dirt":1795,"minecraft:lapis_lazuli":18,"minecraft:bone":3,"minecraft:bow":1,"minecraft:orange_tulip":6,"minecraft:wheat_seeds":60,"minecraft:grindstone":1,"minecraft:fletching_table":1,"minecraft:bamboo":834,"minecraft:oak_planks":241,"minecraft:cooked_porkchop":10,"minecraft:spectral_arrow":18,"minecraft:diamond":9,"minecraft:cracked_polished_blackstone_bricks":55,"minecraft:granite":10,"minecraft:golden_apple":1,"minecraft:bread":212,"minecraft:oak_sapling":8,"minecraft:netherrack":23,"minecraft:diamond_pickaxe":1,"minecraft:mud":5,"minecraft:crafting_table":17,"minecraft:azure_bluet":13,"minecraft:chicken":12,"minecraft:clay_ball":8,"minecraft:wooden_pickaxe":1,"minecraft:gold_block":3,"minecraft:shield":6,"minecraft:cornflower":10,"minecraft:moss_carpet":4,"minecraft:iron_axe":3,"minecraft:flint_and_steel":2,"minecraft:white_carpet":1,"minecraft:iron_shovel":3,"minecraft:blackstone":4,"minecraft:cartography_table":1,"minecraft:beef":30,"minecraft:poppy":5,"minecraft:chest":2,"minecraft:sugar_cane":98,"minecraft:egg":12,"minecraft:raw_iron":106,"minecraft:polished_blackstone_bricks":114,"minecraft:carrot":13,"minecraft:redstone":36,"minecraft:arrow":5,"minecraft:beetroot_seeds":3,"minecraft:hay_block":135,"minecraft:mutton":7,"minecraft:white_wool":5,"minecraft:rail":1,"minecraft:basalt":7,"minecraft:leather":8,"minecraft:oak_log":207,"minecraft:golden_boots":2,"minecraft:gunpowder":2,"minecraft:cobblestone_wall":5,"minecraft:cooked_mutton":7,"minecraft:apple":26,"minecraft:stone_bricks":13,"minecraft:iron_ingot":260,"minecraft:stone_pickaxe":7,"minecraft:cooked_chicken":4,"minecraft:iron_sword":6,"minecraft:pumpkin":3,"minecraft:quartz":95,"minecraft:dandelion":7,"minecraft:dripstone_block":15,"minecraft:gravel":64,"minecraft:blast_furnace":1,"minecraft:white_bed":2,"minecraft:spider_eye":6,"minecraft:stone_axe":3,"minecraft:iron_helmet":4,"minecraft:cherry_sapling":17,"minecraft:baked_potato":35,"minecraft:coal":577,"minecraft:mangrove_propagule":2,"minecraft:sunflower":1},"minecraft:used":{"minecraft:cherry_sapling":16,"minecraft:iron_shovel":1291,"minecraft:chest":7,"minecraft:shield":32,"minecraft:iron_sword":369,"minecraft:mutton":4,"minecraft:tuff":21,"minecraft:obsidian":18,"minecraft:lava_bucket":3,"minecraft:stone_bricks":3211,"minecraft:golden_sword":9,"minecraft:furnace":11,"minecraft:egg":4,"minecraft:potato":26,"minecraft:diorite":23,"minecraft:stone_pickaxe":984,"minecraft:oak_planks":55,"minecraft:wooden_pickaxe":104,"minecraft:sugar_cane":93,"minecraft:white_wool":1,"minecraft:golden_apple":1,"minecraft:blast_furnace":1,"minecraft:bread":233,"minecraft:gravel":16,"minecraft:andesite":25,"minecraft:oak_boat":1,"minecraft:cherry_boat":3,"minecraft:stone_sword":2,"minecraft:flint_and_steel":1,"minecraft:cooked_chicken":10,"minecraft:netherrack":22,"minecraft:torch":793,"minecraft:dirt":728,"minecraft:granite":8,"minecraft:iron_axe":464,"minecraft:oak_stairs":1,"minecraft:cooked_beef":28,"minecraft:cobbled_deepslate":61,"minecraft:cherry_log":8,"minecraft:wheat_seeds":2,"minecraft:cooked_mutton":9,"minecraft:water_bucket":82,"minecraft:birch_planks":6,"minecraft:baked_potato":75,"minecraft:cherry_planks":1,"minecraft:fletching_table":1,"minecraft:crafting_table":18,"minecraft:white_bed":3,"minecraft:mud":2,"minecraft:diamond_pickaxe":59,"minecraft:chicken":2,"minecraft:iron_pickaxe":4070,"minecraft:stone_axe":130,"minecraft:cobblestone":602,"minecraft:white_banner":1,"minecraft:cooked_porkchop":24,"minecraft:bucket":126},"minecraft:killed":{"minecraft:cave_spider":4,"minecraft:zombified_piglin":1,"minecraft:spider":9,"minecraft:skeleton":3,"minecraft:chicken":11,"minecraft:piglin_brute":5,"minecraft:magma_cube":10,"minecraft:piglin":4,"minecraft:pig":8,"minecraft:zombie_villager":1,"minecraft:iron_golem":1,"minecraft:creeper":1,"minecraft:sheep":4,"minecraft:pillager":1,"minecraft:zombie":15,"minecraft:cow":13,"minecraft:wandering_trader":1,"minecraft:frog":2},"minecraft:broken":{"minecraft:iron_shovel":4,"minecraft:stone_pickaxe":5,"minecraft:wooden_pickaxe":1,"minecraft:shield":1,"minecraft:iron_pickaxe":12},"minecraft:mined":{"minecraft:white_bed":2,"minecraft:cherry_log":90,"minecraft:obsidian":20,"minecraft:granite":10,"minecraft:grass_block":638,"minecraft:cracked_polished_blackstone_bricks":48,"minecraft:gilded_blackstone":1,"minecraft:spawner":3,"minecraft:polished_blackstone_bricks":76,"minecraft:iron_ore":81,"minecraft:cobbled_deepslate":1,"minecraft:fire":7,"minecraft:pumpkin":3,"minecraft:fletching_table":1,"minecraft:azure_bluet":18,"minecraft:pointed_dripstone":61,"minecraft:red_tulip":2,"minecraft:dirt_path":9,"minecraft:oak_stairs":7,"minecraft:deepslate_redstone_ore":8,"minecraft:blackstone":4,"minecraft:smoker":1,"minecraft:powder_snow":4,"minecraft:clay":1,"minecraft:torch":31,"minecraft:blast_furnace":1,"minecraft:chest":1,"minecraft:dead_bush":2,"minecraft:nether_quartz_ore":95,"minecraft:cobblestone":143,"minecraft:sugar_cane":52,"minecraft:grindstone":1,"minecraft:oak_planks":18,"minecraft:wall_torch":39,"minecraft:mud":5,"minecraft:birch_log":7,"minecraft:wheat":17,"minecraft:lilac":10,"minecraft:orange_tulip":6,"minecraft:grass":136,"minecraft:oak_log":187,"minecraft:beetroots":3,"minecraft:dirt":937,"minecraft:mangrove_log":20,"minecraft:netherrack":25,"minecraft:oak_leaves":87,"minecraft:deepslate":63,"minecraft:tuff":21,"minecraft:deepslate_diamond_ore":9,"minecraft:cherry_sapling":7,"minecraft:mangrove_roots":28,"minecraft:spruce_leaves":1,"minecraft:cartography_table":1,"minecraft:mangrove_propagule":1,"minecraft:hay_block":137,"minecraft:furnace":11,"minecraft:carrots":7,"minecraft:andesite":63,"minecraft:gold_block":1,"minecraft:potatoes":11,"minecraft:vine":3,"minecraft:bamboo":54,"minecraft:stone":3732,"minecraft:white_wool":1,"minecraft:podzol":2,"minecraft:smithing_table":1,"minecraft:cherry_planks":1,"minecraft:basalt":9,"minecraft:dandelion":6,"minecraft:crafting_table":13,"minecraft:cornflower":11,"minecraft:rose_bush":16,"minecraft:tall_grass":3,"minecraft:copper_ore":2,"minecraft:diorite":22,"minecraft:cobblestone_wall":5,"minecraft:white_carpet":1,"minecraft:mangrove_leaves":25,"minecraft:coal_ore":371,"minecraft:cherry_leaves":36,"minecraft:sunflower":1,"minecraft:gravel":8,"minecraft:dripstone_block":16,"minecraft:cobweb":16,"minecraft:stone_bricks":12,"minecraft:fern":17},"minecraft:custom":{"minecraft:animals_bred":1,"minecraft:interact_with_crafting_table":116,"minecraft:leave_game":14,"minecraft:time_since_death":12315,"minecraft:sprint_one_cm":2448251,"minecraft:damage_blocked_by_shield":2460,"minecraft:drop":186,"minecraft:talked_to_villager":17,"minecraft:play_time":1132783,"minecraft:deaths":31,"minecraft:jump":22236,"minecraft:walk_on_water_one_cm":133082,"minecraft:interact_with_furnace":209,"minecraft:traded_with_villager":1,"minecraft:sleep_in_bed":44,"minecraft:damage_dealt":14657,"minecraft:crouch_one_cm":142605,"minecraft:interact_with_smoker":1,"minecraft:use_cauldron":24,"minecraft:interact_with_smithing_table":1,"minecraft:mob_kills":105,"minecraft:inspect_hopper":27,"minecraft:climb_one_cm":21531,"minecraft:walk_one_cm":1865897,"minecraft:sneak_time":37626,"minecraft:walk_under_water_one_cm":79330,"minecraft:boat_one_cm":284944,"minecraft:interact_with_blast_furnace":2,"minecraft:total_world_time":1132783,"minecraft:interact_with_stonecutter":44,"minecraft:time_since_rest":11531,"minecraft:damage_taken":26256,"minecraft:damage_absorbed":40,"minecraft:swim_one_cm":351553,"minecraft:fly_one_cm":4629354,"minecraft:open_chest":426,"minecraft:fall_one_cm":744026}},"DataVersion":3465}