{"stats":{"minecraft:crafted":{"minecraft:oak_planks":472,"minecraft:oak_sign":9,"minecraft:chain":2,"minecraft:cooked_chicken":4,"minecraft:cooked_mutton":27,"minecraft:iron_bars":32,"minecraft:hopper":19,"minecraft:iron_boots":2,"minecraft:chest":31,"minecraft:oak_slab":6,"minecraft:cauldron":7,"minecraft:cooked_porkchop":31,"minecraft:crafting_table":3,"minecraft:spruce_planks":1004,"minecraft:iron_helmet":2,"minecraft:wooden_pickaxe":1,"minecraft:baked_potato":74,"minecraft:spruce_door":3,"minecraft:red_wool":4,"minecraft:birch_planks":52,"minecraft:light_gray_bed":1,"minecraft:spruce_trapdoor":164,"minecraft:iron_chestplate":2,"minecraft:charcoal":1,"minecraft:shield":4,"minecraft:stick":372,"minecraft:iron_ingot":29,"minecraft:iron_pickaxe":81,"minecraft:stone_sword":2,"minecraft:stone_shovel":46,"minecraft:fishing_rod":1,"minecraft:iron_nugget":72,"minecraft:furnace":6,"minecraft:bone_meal":156,"minecraft:spruce_fence":60,"minecraft:oak_trapdoor":2,"minecraft:lantern":8,"minecraft:spruce_stairs":180,"minecraft:iron_axe":3,"minecraft:iron_hoe":1,"minecraft:spruce_slab":60,"minecraft:stone_pickaxe":14,"minecraft:cooked_beef":22,"minecraft:red_dye":9,"minecraft:iron_sword":2,"minecraft:red_bed":1,"minecraft:cooked_salmon":2,"minecraft:bucket":3,"minecraft:stone_axe":2,"minecraft:acacia_boat":1,"minecraft:air":0,"minecraft:oak_boat":2,"minecraft:wooden_axe":1,"minecraft:iron_shovel":23,"minecraft:iron_leggings":2,"minecraft:white_bed":4,"minecraft:acacia_planks":32,"minecraft:torch":96},"minecraft:killed_by":{"minecraft:creeper":4,"minecraft:pillager":1,"minecraft:zombie":2,"minecraft:skeleton":6},"minecraft:dropped":{"minecraft:iron_sword":1,"minecraft:baked_potato":23,"minecraft:crafting_table":1,"minecraft:cooked_porkchop":4,"minecraft:crossbow":1,"minecraft:dirt":5167,"minecraft:cornflower":1,"minecraft:gravel":6,"minecraft:stone_axe":1,"minecraft:iron_nugget":4,"minecraft:rotten_flesh":7,"minecraft:cooked_mutton":5,"minecraft:azure_bluet":2,"minecraft:poppy":1353,"minecraft:leather_chestplate":2,"minecraft:beetroot_seeds":5,"minecraft:leather_leggings":1,"minecraft:egg":1,"minecraft:wheat_seeds":64,"minecraft:poisonous_potato":2,"minecraft:cobblestone":1218,"minecraft:apple":1,"minecraft:pufferfish":2,"minecraft:diorite":3,"minecraft:torch":1,"minecraft:brown_wool":1,"minecraft:string":6,"minecraft:acacia_planks":1,"minecraft:dandelion":6,"minecraft:stone_brick_slab":3,"minecraft:oak_trapdoor":1,"minecraft:raw_copper":18,"minecraft:shield":1,"minecraft:spider_eye":3,"minecraft:bow":6},"minecraft:picked_up":{"minecraft:wooden_axe":1,"minecraft:iron_chestplate":5,"minecraft:stone_brick_stairs":189,"minecraft:string":34,"minecraft:raw_copper":67,"minecraft:iron_leggings":6,"minecraft:pufferfish":6,"minecraft:cobbled_deepslate":553,"minecraft:bucket":5,"minecraft:spruce_planks":28,"minecraft:cobblestone_slab":74,"minecraft:iron_pickaxe":10,"minecraft:furnace":4,"minecraft:iron_boots":7,"minecraft:stick":107,"minecraft:torch":158,"minecraft:acacia_log":14,"minecraft:spruce_stairs":7,"minecraft:porkchop":71,"minecraft:pointed_dripstone":122,"minecraft:diorite":153,"minecraft:golden_chestplate":1,"minecraft:stone_sword":3,"minecraft:rotten_flesh":88,"minecraft:light_gray_bed":5,"minecraft:deepslate_brick_stairs":1,"minecraft:cod":10,"minecraft:cobblestone":4039,"minecraft:birch_log":13,"minecraft:leather_chestplate":4,"minecraft:feather":4,"minecraft:cooked_beef":10,"minecraft:water_bucket":5,"minecraft:andesite":706,"minecraft:brown_wool":1,"minecraft:potato":706,"minecraft:flint":6,"minecraft:lapis_lazuli":84,"minecraft:dirt":11109,"minecraft:lantern":1,"minecraft:bone":73,"minecraft:acacia_planks":5,"minecraft:stonecutter":2,"minecraft:bow":16,"minecraft:wheat_seeds":195,"minecraft:oak_planks":129,"minecraft:cooked_porkchop":24,"minecraft:poisonous_potato":2,"minecraft:sand":16,"minecraft:iron_hoe":2,"minecraft:polished_andesite":55,"minecraft:crossbow":1,"minecraft:oak_sapling":18,"minecraft:fishing_rod":6,"minecraft:crafting_table":5,"minecraft:azure_bluet":2,"minecraft:chicken":4,"minecraft:leather_leggings":4,"minecraft:wooden_pickaxe":1,"minecraft:stone_brick_wall":85,"minecraft:shield":9,"minecraft:cornflower":1,"minecraft:oak_trapdoor":3,"minecraft:iron_axe":1,"minecraft:iron_shovel":4,"minecraft:beef":37,"minecraft:oak_boat":2,"minecraft:iron_nugget":1,"minecraft:poppy":53,"minecraft:light_gray_wool":3,"minecraft:sugar_cane":27,"minecraft:spruce_trapdoor":39,"minecraft:egg":3,"minecraft:raw_iron":15,"minecraft:carrot":3,"minecraft:arrow":171,"minecraft:stone_shovel":5,"minecraft:hay_block":68,"minecraft:mutton":40,"minecraft:white_wool":55,"minecraft:salmon":4,"minecraft:leather":34,"minecraft:birch_planks":23,"minecraft:oak_log":154,"minecraft:chainmail_chestplate":1,"minecraft:golden_boots":3,"minecraft:yellow_bed":9,"minecraft:gunpowder":56,"minecraft:white_banner":3,"minecraft:cooked_mutton":6,"minecraft:apple":2,"minecraft:stone_bricks":533,"minecraft:iron_ingot":369,"minecraft:stone_pickaxe":12,"minecraft:iron_sword":10,"minecraft:oak_slab":10,"minecraft:stone_brick_slab":121,"minecraft:dandelion":5,"minecraft:gravel":94,"minecraft:lava_bucket":9,"minecraft:spruce_sapling":76,"minecraft:white_bed":1,"minecraft:spruce_log":251,"minecraft:spruce_door":4,"minecraft:spider_eye":3,"minecraft:polished_diorite_stairs":33,"minecraft:stone_axe":11,"minecraft:iron_helmet":5,"minecraft:gray_wool":6,"minecraft:baked_potato":173,"minecraft:coal":143,"minecraft:ender_pearl":2},"minecraft:used":{"minecraft:iron_shovel":5712,"minecraft:spruce_slab":41,"minecraft:oak_sign":9,"minecraft:chest":12,"minecraft:shield":127,"minecraft:iron_sword":485,"minecraft:rotten_flesh":5,"minecraft:lava_bucket":10,"minecraft:lantern":9,"minecraft:polished_andesite_stairs":14,"minecraft:iron_helmet":2,"minecraft:stone_brick_stairs":828,"minecraft:stone_bricks":11414,"minecraft:bow":36,"minecraft:furnace":9,"minecraft:oak_sapling":13,"minecraft:polished_diorite_stairs":43,"minecraft:egg":3,"minecraft:potato":197,"minecraft:diorite":42,"minecraft:spruce_door":1,"minecraft:stone_pickaxe":1938,"minecraft:oak_planks":19,"minecraft:wooden_pickaxe":19,"minecraft:stone_brick_wall":289,"minecraft:deepslate_brick_stairs":213,"minecraft:andesite":3,"minecraft:chain":2,"minecraft:oak_boat":2,"minecraft:bone_meal":156,"minecraft:oak_trapdoor":1,"minecraft:iron_bars":32,"minecraft:stone_sword":269,"minecraft:stone_shovel":6131,"minecraft:spruce_planks":12,"minecraft:cooked_salmon":2,"minecraft:cooked_chicken":4,"minecraft:torch":105,"minecraft:dirt":4507,"minecraft:hopper":19,"minecraft:spruce_stairs":177,"minecraft:spruce_fence":56,"minecraft:iron_hoe":3,"minecraft:stone_brick_slab":23,"minecraft:wooden_axe":38,"minecraft:iron_axe":289,"minecraft:cooked_beef":30,"minecraft:light_gray_bed":5,"minecraft:pointed_dripstone":7,"minecraft:cooked_mutton":26,"minecraft:acacia_boat":1,"minecraft:water_bucket":220,"minecraft:polished_andesite":452,"minecraft:baked_potato":267,"minecraft:cauldron":7,"minecraft:stonecutter":2,"minecraft:cobblestone_slab":34,"minecraft:deepslate_bricks":168,"minecraft:oak_slab":2,"minecraft:crafting_table":6,"minecraft:red_bed":1,"minecraft:white_bed":5,"minecraft:apple":1,"minecraft:iron_pickaxe":19515,"minecraft:spruce_trapdoor":173,"minecraft:spruce_sapling":60,"minecraft:stone_axe":280,"minecraft:fishing_rod":10,"minecraft:cobblestone":41,"minecraft:cooked_porkchop":51,"minecraft:bucket":365,"minecraft:yellow_bed":7},"minecraft:killed":{"minecraft:witch":2,"minecraft:spider":40,"minecraft:skeleton":36,"minecraft:chicken":4,"minecraft:pig":25,"minecraft:iron_golem":1,"minecraft:creeper":40,"minecraft:sheep":23,"minecraft:pillager":6,"minecraft:zombie":105,"minecraft:cow":15,"minecraft:enderman":3},"minecraft:broken":{"minecraft:iron_shovel":22,"minecraft:golden_boots":1,"minecraft:leather_leggings":1,"minecraft:stone_pickaxe":15,"minecraft:stone_axe":3,"minecraft:iron_sword":2,"minecraft:stone_shovel":45,"minecraft:golden_chestplate":1,"minecraft:stone_sword":2,"minecraft:shield":2,"minecraft:iron_axe":1,"minecraft:iron_pickaxe":78},"minecraft:mined":{"minecraft:white_bed":1,"minecraft:spruce_trapdoor":11,"minecraft:acacia_log":8,"minecraft:grass_block":7175,"minecraft:stone_brick_wall":8,"minecraft:light_gray_bed":4,"minecraft:iron_ore":14,"minecraft:fire":1,"minecraft:deepslate_lapis_ore":6,"minecraft:azure_bluet":2,"minecraft:dirt_path":2,"minecraft:deepslate_brick_stairs":1,"minecraft:spruce_slab":1,"minecraft:torch":6,"minecraft:cobblestone":173,"minecraft:sugar_cane":3,"minecraft:oak_planks":1,"minecraft:wall_torch":6,"minecraft:birch_log":13,"minecraft:stone_brick_stairs":56,"minecraft:grass":198,"minecraft:oak_log":100,"minecraft:sand":16,"minecraft:dirt":4871,"minecraft:stonecutter":2,"minecraft:oak_leaves":53,"minecraft:deepslate":559,"minecraft:spruce_leaves":119,"minecraft:hay_block":16,"minecraft:spruce_sapling":1,"minecraft:furnace":3,"minecraft:carrots":1,"minecraft:andesite":513,"minecraft:potatoes":195,"minecraft:cobblestone_slab":2,"minecraft:lantern":1,"minecraft:stone":19672,"minecraft:acacia_leaves":2,"minecraft:dandelion":6,"minecraft:crafting_table":4,"minecraft:cornflower":1,"minecraft:tall_grass":34,"minecraft:copper_ore":19,"minecraft:lapis_ore":7,"minecraft:diorite":134,"minecraft:spruce_stairs":9,"minecraft:spruce_log":256,"minecraft:yellow_bed":7,"minecraft:coal_ore":65,"minecraft:gravel":89,"minecraft:polished_andesite":23,"minecraft:stone_bricks":190,"minecraft:fern":2},"minecraft:custom":{"minecraft:interact_with_crafting_table":188,"minecraft:leave_game":30,"minecraft:time_since_death":316595,"minecraft:sprint_one_cm":4198008,"minecraft:damage_blocked_by_shield":6855,"minecraft:drop":326,"minecraft:talked_to_villager":35,"minecraft:play_time":2169830,"minecraft:deaths":17,"minecraft:jump":25059,"minecraft:walk_on_water_one_cm":90836,"minecraft:interact_with_furnace":338,"minecraft:sleep_in_bed":128,"minecraft:damage_dealt":48352,"minecraft:crouch_one_cm":688762,"minecraft:use_cauldron":139,"minecraft:mob_kills":311,"minecraft:inspect_hopper":117,"minecraft:climb_one_cm":864,"minecraft:walk_one_cm":4555790,"minecraft:sneak_time":180451,"minecraft:walk_under_water_one_cm":124905,"minecraft:boat_one_cm":29652,"minecraft:total_world_time":2169830,"minecraft:interact_with_stonecutter":70,"minecraft:time_since_rest":4276,"minecraft:damage_taken":17149,"minecraft:swim_one_cm":124800,"minecraft:fly_one_cm":9936896,"minecraft:open_chest":803,"minecraft:fish_caught":9,"minecraft:fall_one_cm":364786}},"DataVersion":3465}