{"stats":{"minecraft:broken":{"minecraft:iron_shovel":23,"minecraft:golden_boots":1,"minecraft:leather_leggings":1,"minecraft:stone_pickaxe":15,"minecraft:stone_axe":3,"minecraft:iron_sword":3,"minecraft:stone_shovel":45,"minecraft:golden_chestplate":1,"minecraft:stone_sword":2,"minecraft:shield":2,"minecraft:iron_axe":1,"minecraft:iron_pickaxe":82,"minecraft:iron_helmet":1},"minecraft:custom":{"minecraft:interact_with_crafting_table":211,"minecraft:leave_game":33,"minecraft:time_since_death":244452,"minecraft:sprint_one_cm":4715386,"minecraft:damage_blocked_by_shield":7020,"minecraft:drop":340,"minecraft:talked_to_villager":44,"minecraft:play_time":2531985,"minecraft:deaths":20,"minecraft:jump":28409,"minecraft:walk_on_water_one_cm":103602,"minecraft:interact_with_furnace":361,"minecraft:sleep_in_bed":152,"minecraft:damage_dealt":52043,"minecraft:crouch_one_cm":822618,"minecraft:use_cauldron":155,"minecraft:mob_kills":333,"minecraft:inspect_hopper":135,"minecraft:climb_one_cm":76829,"minecraft:walk_one_cm":4963886,"minecraft:sneak_time":227341,"minecraft:walk_under_water_one_cm":164558,"minecraft:boat_one_cm":29652,"minecraft:total_world_time":2531985,"minecraft:interact_with_stonecutter":84,"minecraft:time_since_rest":10730,"minecraft:damage_taken":20054,"minecraft:swim_one_cm":135804,"minecraft:fly_one_cm":11533326,"minecraft:open_chest":893,"minecraft:fish_caught":9,"minecraft:fall_one_cm":416965},"minecraft:mined":{"minecraft:white_bed":1,"minecraft:spruce_trapdoor":12,"minecraft:acacia_log":8,"minecraft:grass_block":7175,"minecraft:stone_brick_wall":12,"minecraft:light_gray_bed":4,"minecraft:deepslate_bricks":4,"minecraft:tall_seagrass":1,"minecraft:iron_ore":14,"minecraft:fire":1,"minecraft:deepslate_lapis_ore":6,"minecraft:azure_bluet":2,"minecraft:dirt_path":2,"minecraft:deepslate_brick_stairs":1,"minecraft:spruce_slab":2,"minecraft:torch":6,"minecraft:cobblestone":174,"minecraft:sugar_cane":16,"minecraft:oak_planks":1,"minecraft:wall_torch":6,"minecraft:birch_log":13,"minecraft:stone_brick_stairs":72,"minecraft:grass":199,"minecraft:oak_log":100,"minecraft:sand":147,"minecraft:dirt":5029,"minecraft:stonecutter":2,"minecraft:oak_leaves":53,"minecraft:deepslate":620,"minecraft:spruce_leaves":134,"minecraft:hay_block":16,"minecraft:spruce_sapling":1,"minecraft:furnace":3,"minecraft:carrots":1,"minecraft:andesite":513,"minecraft:potatoes":195,"minecraft:cobblestone_slab":2,"minecraft:lantern":1,"minecraft:stone":20488,"minecraft:acacia_leaves":2,"minecraft:scaffolding":23,"minecraft:stone_brick_slab":4,"minecraft:dandelion":6,"minecraft:crafting_table":4,"minecraft:cornflower":1,"minecraft:tall_grass":34,"minecraft:copper_ore":19,"minecraft:lapis_ore":7,"minecraft:diorite":134,"minecraft:spruce_stairs":9,"minecraft:spruce_log":279,"minecraft:yellow_bed":7,"minecraft:coal_ore":73,"minecraft:gravel":89,"minecraft:polished_andesite":25,"minecraft:stone_bricks":346,"minecraft:fern":2},"minecraft:picked_up":{"minecraft:wooden_axe":1,"minecraft:iron_chestplate":7,"minecraft:stone_brick_stairs":360,"minecraft:string":34,"minecraft:raw_copper":67,"minecraft:iron_leggings":9,"minecraft:pufferfish":6,"minecraft:cobbled_deepslate":614,"minecraft:bucket":5,"minecraft:spruce_planks":34,"minecraft:cobblestone_slab":74,"minecraft:iron_pickaxe":19,"minecraft:furnace":4,"minecraft:iron_boots":10,"minecraft:stick":111,"minecraft:torch":158,"minecraft:acacia_log":14,"minecraft:spruce_stairs":124,"minecraft:porkchop":71,"minecraft:pointed_dripstone":122,"minecraft:diorite":153,"minecraft:golden_chestplate":1,"minecraft:stone_sword":3,"minecraft:rotten_flesh":98,"minecraft:light_gray_bed":5,"minecraft:deepslate_brick_stairs":55,"minecraft:iron_bars":69,"minecraft:cod":10,"minecraft:cobblestone":4048,"minecraft:birch_log":13,"minecraft:leather_chestplate":4,"minecraft:feather":4,"minecraft:cooked_beef":10,"minecraft:water_bucket":8,"minecraft:andesite":706,"minecraft:brown_wool":1,"minecraft:potato":706,"minecraft:flint":6,"minecraft:lapis_lazuli":84,"minecraft:dirt":11378,"minecraft:lantern":1,"minecraft:glass":4,"minecraft:bone":74,"minecraft:acacia_planks":5,"minecraft:stonecutter":2,"minecraft:bow":19,"minecraft:wheat_seeds":197,"minecraft:bamboo":388,"minecraft:oak_planks":129,"minecraft:cooked_porkchop":24,"minecraft:poisonous_potato":2,"minecraft:sand":147,"minecraft:ink_sac":4,"minecraft:iron_hoe":2,"minecraft:polished_andesite":143,"minecraft:crossbow":1,"minecraft:oak_sapling":18,"minecraft:fishing_rod":9,"minecraft:crafting_table":5,"minecraft:azure_bluet":2,"minecraft:chicken":4,"minecraft:leather_leggings":4,"minecraft:wooden_pickaxe":1,"minecraft:stone_brick_wall":214,"minecraft:shield":12,"minecraft:cornflower":1,"minecraft:oak_trapdoor":3,"minecraft:iron_axe":7,"minecraft:iron_shovel":7,"minecraft:glass_pane":48,"minecraft:beef":37,"minecraft:oak_boat":5,"minecraft:iron_nugget":1,"minecraft:poppy":53,"minecraft:spruce_slab":58,"minecraft:light_gray_wool":3,"minecraft:sugar_cane":53,"minecraft:spruce_trapdoor":76,"minecraft:egg":3,"minecraft:raw_iron":15,"minecraft:spruce_fence":8,"minecraft:carrot":3,"minecraft:arrow":239,"minecraft:stone_shovel":5,"minecraft:deepslate_bricks":76,"minecraft:hay_block":68,"minecraft:mutton":40,"minecraft:white_wool":55,"minecraft:salmon":4,"minecraft:leather":34,"minecraft:birch_planks":23,"minecraft:oak_log":154,"minecraft:chainmail_chestplate":1,"minecraft:golden_boots":4,"minecraft:yellow_bed":9,"minecraft:gunpowder":65,"minecraft:white_banner":3,"minecraft:cooked_mutton":6,"minecraft:apple":2,"minecraft:stone_bricks":863,"minecraft:iron_ingot":474,"minecraft:stone_pickaxe":12,"minecraft:polished_andesite_slab":20,"minecraft:iron_sword":13,"minecraft:oak_slab":10,"minecraft:scaffolding":155,"minecraft:stone_brick_slab":274,"minecraft:dandelion":5,"minecraft:gravel":94,"minecraft:lava_bucket":9,"minecraft:spruce_sapling":84,"minecraft:white_bed":1,"minecraft:spruce_log":274,"minecraft:spruce_door":4,"minecraft:spider_eye":3,"minecraft:polished_diorite_stairs":33,"minecraft:stone_axe":11,"minecraft:iron_helmet":8,"minecraft:gray_wool":6,"minecraft:baked_potato":288,"minecraft:coal":151,"minecraft:ender_pearl":2},"minecraft:killed_by":{"minecraft:creeper":4,"minecraft:pillager":1,"minecraft:zombie":2,"minecraft:skeleton":6},"minecraft:used":{"minecraft:iron_shovel":5956,"minecraft:spruce_slab":173,"minecraft:oak_sign":9,"minecraft:chest":12,"minecraft:shield":130,"minecraft:iron_sword":548,"minecraft:rotten_flesh":5,"minecraft:lava_bucket":10,"minecraft:black_stained_glass_pane":32,"minecraft:lantern":11,"minecraft:polished_andesite_stairs":14,"minecraft:iron_helmet":2,"minecraft:stone_brick_stairs":1876,"minecraft:stone_bricks":12876,"minecraft:bow":36,"minecraft:scaffolding":118,"minecraft:furnace":9,"minecraft:oak_sapling":13,"minecraft:polished_diorite_stairs":43,"minecraft:egg":3,"minecraft:potato":197,"minecraft:diorite":42,"minecraft:spruce_door":2,"minecraft:stone_pickaxe":1938,"minecraft:oak_planks":19,"minecraft:wooden_pickaxe":19,"minecraft:sugar_cane":26,"minecraft:stone_brick_wall":979,"minecraft:deepslate_brick_stairs":213,"minecraft:lightning_rod":5,"minecraft:polished_andesite_slab":211,"minecraft:andesite":3,"minecraft:chain":2,"minecraft:oak_boat":2,"minecraft:bone_meal":156,"minecraft:oak_trapdoor":1,"minecraft:iron_bars":65,"minecraft:stone_sword":269,"minecraft:stone_shovel":6131,"minecraft:spruce_planks":13,"minecraft:cooked_salmon":2,"minecraft:cooked_chicken":4,"minecraft:torch":106,"minecraft:dirt":4704,"minecraft:hopper":19,"minecraft:spruce_stairs":180,"minecraft:spruce_fence":56,"minecraft:iron_hoe":3,"minecraft:stone_brick_slab":78,"minecraft:wooden_axe":38,"minecraft:iron_axe":332,"minecraft:cooked_beef":30,"minecraft:light_gray_bed":5,"minecraft:pointed_dripstone":7,"minecraft:cooked_mutton":26,"minecraft:acacia_boat":1,"minecraft:water_bucket":321,"minecraft:polished_andesite":934,"minecraft:baked_potato":328,"minecraft:cauldron":7,"minecraft:stonecutter":2,"minecraft:cobblestone_slab":34,"minecraft:spruce_fence_gate":1,"minecraft:deepslate_bricks":801,"minecraft:oak_slab":2,"minecraft:crafting_table":6,"minecraft:red_bed":1,"minecraft:white_bed":5,"minecraft:apple":1,"minecraft:iron_pickaxe":20590,"minecraft:spruce_trapdoor":216,"minecraft:spruce_sapling":65,"minecraft:stone_axe":280,"minecraft:fishing_rod":10,"minecraft:cobblestone":41,"minecraft:cooked_porkchop":51,"minecraft:bucket":482,"minecraft:yellow_bed":7},"minecraft:killed":{"minecraft:witch":2,"minecraft:spider":40,"minecraft:skeleton":37,"minecraft:chicken":4,"minecraft:pig":25,"minecraft:zombie_villager":1,"minecraft:iron_golem":1,"minecraft:creeper":47,"minecraft:sheep":23,"minecraft:pillager":6,"minecraft:zombie":113,"minecraft:cow":15,"minecraft:squid":3,"minecraft:enderman":3},"minecraft:dropped":{"minecraft:iron_sword":1,"minecraft:baked_potato":23,"minecraft:crafting_table":1,"minecraft:cooked_porkchop":4,"minecraft:crossbow":1,"minecraft:dirt":5167,"minecraft:cornflower":1,"minecraft:gravel":6,"minecraft:stone_axe":1,"minecraft:iron_nugget":4,"minecraft:rotten_flesh":9,"minecraft:cooked_mutton":5,"minecraft:azure_bluet":2,"minecraft:poppy":1541,"minecraft:leather_chestplate":2,"minecraft:gunpowder":2,"minecraft:beetroot_seeds":5,"minecraft:leather_leggings":1,"minecraft:egg":1,"minecraft:golden_boots":1,"minecraft:wheat_seeds":65,"minecraft:poisonous_potato":2,"minecraft:cobblestone":1218,"minecraft:apple":1,"minecraft:stick":1,"minecraft:pufferfish":2,"minecraft:diorite":3,"minecraft:torch":1,"minecraft:brown_wool":1,"minecraft:string":6,"minecraft:acacia_planks":1,"minecraft:dandelion":6,"minecraft:stone_brick_slab":3,"minecraft:oak_trapdoor":1,"minecraft:raw_copper":18,"minecraft:shield":1,"minecraft:spider_eye":3,"minecraft:bow":6},"minecraft:crafted":{"minecraft:black_dye":4,"minecraft:oak_planks":472,"minecraft:oak_sign":9,"minecraft:chain":2,"minecraft:cooked_chicken":4,"minecraft:cooked_mutton":27,"minecraft:iron_bars":64,"minecraft:hopper":19,"minecraft:iron_boots":2,"minecraft:chest":31,"minecraft:oak_slab":6,"minecraft:cauldron":7,"minecraft:cooked_porkchop":31,"minecraft:crafting_table":3,"minecraft:spruce_planks":1096,"minecraft:iron_helmet":3,"minecraft:wooden_pickaxe":1,"minecraft:baked_potato":74,"minecraft:spruce_door":3,"minecraft:red_wool":4,"minecraft:birch_planks":52,"minecraft:light_gray_bed":1,"minecraft:spruce_trapdoor":206,"minecraft:iron_chestplate":3,"minecraft:charcoal":1,"minecraft:shield":4,"minecraft:stick":380,"minecraft:iron_ingot":137,"minecraft:iron_pickaxe":85,"minecraft:stone_sword":2,"minecraft:spruce_fence_gate":1,"minecraft:stone_shovel":46,"minecraft:fishing_rod":1,"minecraft:iron_nugget":90,"minecraft:furnace":6,"minecraft:bone_meal":156,"minecraft:spruce_fence":60,"minecraft:polished_andesite_slab":32,"minecraft:oak_trapdoor":2,"minecraft:glass_pane":80,"minecraft:scaffolding":60,"minecraft:lantern":10,"minecraft:spruce_stairs":212,"minecraft:iron_axe":3,"minecraft:iron_hoe":1,"minecraft:spruce_slab":78,"minecraft:stone_pickaxe":14,"minecraft:cooked_beef":22,"minecraft:red_dye":9,"minecraft:iron_sword":3,"minecraft:red_bed":1,"minecraft:cooked_salmon":2,"minecraft:bucket":3,"minecraft:stone_axe":2,"minecraft:acacia_boat":1,"minecraft:air":0,"minecraft:oak_boat":2,"minecraft:wooden_axe":1,"minecraft:black_stained_glass_pane":32,"minecraft:iron_shovel":24,"minecraft:iron_leggings":2,"minecraft:white_bed":4,"minecraft:acacia_planks":32,"minecraft:torch":104}},"DataVersion":3465}